Word,Count
google,3025
i,1452
o,1391
developer,598
android,501
app,414
your,354
api,353
web,350
dev,348
apps,334
2013,326
summit,322
developers,317
more,316
s,301
chrome,286
cloud,278
live,255
2,251
how,250
what,228
day,226
new,225
2012,221
1,211
ai,205
maps,195
flutter,194
engine,194
youtube,193
from,190
3,182
mobile,175
2016,173
code,171
2014,171
building,159
show,154
platform,150
gdl,150
dart,148
data,148
drive,146
2010,145
using,141
17,141
apis,137
news,134
sandbox,132
19,132
keynote,131
you,129
women,129
2011,125
build,122
learning,122
sdk,122
hours,121
ml,118
4,118
office,116
techmakers,116
design,110
dr,110
demo,109
spanish,109
tl,109
tensorflow,107
introduction,105
2008,105
chat,101
2015,101
machine,100
play,100
games,100
18,100
world,98
challenge,98
2009,97
interviews,95
development,94
5,92
getting,90
project,89
solution,89
part,88
performance,88
firebase,86
ep,84
go,83
gwt,83
days,79
introducing,78
tips,78
spotlight,78
access,78
coffee,76
game,75
2022,75
